State, Date, Estimated Unemployment Rate (%), Estimated Employed, Estimated Labour Participation Rate (%)
Andhra Pradesh,31-01-2019,5.21,17525876,43.83
Andhra Pradesh,28-02-2019,5.76,15705618,39.46
Andhra Pradesh,31-03-2019,5.17,16300531,40.64
Andhra Pradesh,30-04-2019,4.02,17501776,43.05
Andhra Pradesh,31-05-2019,4.36,16787801,41.38
Andhra Pradesh,30-06-2019,3.27,16580510,40.35
Andhra Pradesh,31-07-2019,4.29,16744148,41.12
Andhra Pradesh,31-08-2019,3.68,17028869,41.5
Andhra Pradesh,30-09-2019,5.41,16990761,42.11
Andhra Pradesh,31-10-2019,3.86,16791781,40.88
Andhra Pradesh,30-11-2019,5.14,16066455,39.59
Andhra Pradesh,31-12-2019,5.39,17442360,43.03
Assam,31-01-2019,5.11,12518130,52.28
Assam,28-02-2019,5.36,10314086,43.12
Assam,31-03-2019,6.78,11068934,46.88
Assam,30-04-2019,5,11349197,47.07
Assam,31-05-2019,4.75,13421041,55.41
Assam,30-06-2019,5.87,10570564,44.07
Assam,31-07-2019,4.1,11651371,47.59
Assam,31-08-2019,6.49,10887620,45.51
Assam,30-09-2019,5.07,13044829,53.61
Assam,31-10-2019,5.76,9991084,41.27
Assam,30-11-2019,4.91,11333409,46.31
Assam,31-12-2019,0.88,10209749,39.95
Bihar,31-01-2019,8.69,27289779,39.17
Bihar,28-02-2019,11.47,26749981,39.53
Bihar,31-03-2019,11.29,26382051,38.82
Bihar,30-04-2019,12.19,25018247,37.11
Bihar,31-05-2019,10.58,27351666,39.76
Bihar,30-06-2019,10.58,27346572,39.66
Bihar,31-07-2019,13.8,26308621,39.5
Bihar,31-08-2019,11.84,25254973,36.99
Bihar,30-09-2019,10.1,26983170,38.68
Bihar,31-10-2019,12.66,27226568,40.08
Bihar,30-11-2019,13.07,25527075,37.68
Bihar,31-12-2019,10.73,25892391,37.13
Chhattisgarh,31-01-2019,7.87,8346885,42.35
Chhattisgarh,28-02-2019,7.29,8719835,43.88
Chhattisgarh,31-03-2019,3.71,9034510,43.67
Chhattisgarh,30-04-2019,3.44,8596924,41.35
Chhattisgarh,31-05-2019,9.8,8482147,43.57
Chhattisgarh,30-06-2019,8.06,8800644,44.26
Chhattisgarh,31-07-2019,5.48,9039059,44.11
Chhattisgarh,31-08-2019,5.08,9000093,43.64
Chhattisgarh,30-09-2019,8.63,8800594,44.23
Chhattisgarh,31-10-2019,7.8,9340935,46.42
Chhattisgarh,30-11-2019,4.23,9284214,44.32
Chhattisgarh,31-12-2019,5.44,8984824,43.34
Delhi,31-01-2019,12.18,6006259,45.07
Delhi,28-02-2019,11.56,5456349,40.57
Delhi,31-03-2019,13.05,5471499,41.28
Delhi,30-04-2019,8.37,5615928,40.11
Delhi,31-05-2019,12.32,5925960,44.12
Delhi,30-06-2019,12.67,5699248,42.5
Delhi,31-07-2019,14.58,5559698,42.28
Delhi,31-08-2019,13.61,5687918,42.67
Delhi,30-09-2019,20.38,5808310,47.16
Delhi,31-10-2019,12.49,6179875,45.54
Delhi,30-11-2019,15.96,5618368,43.01
Delhi,31-12-2019,11.23,5864011,42.4
Goa,31-01-2019,7.45,481283,41.17
Goa,28-02-2019,7.08,475535,40.47
Goa,31-03-2019,8.87,463645,40.19
Goa,30-04-2019,9.3,509668,44.34
Goa,31-05-2019,2.82,444196,36.03
Goa,30-06-2019,10.66,474485,41.81
Goa,31-07-2019,11.8,447804,39.93
Goa,31-08-2019,3.67,426879,34.81
Goa,30-09-2019,3.53,458583,37.3
Goa,31-10-2019,10.44,467704,40.93
Goa,30-11-2019,24.66,431101,44.8
Goa,31-12-2019,11.8,465309,41.26
Gujarat,31-01-2019,5.8,23754560,49
Gujarat,28-02-2019,5.54,23789056,48.86
Gujarat,31-03-2019,4.53,24364847,49.41
Gujarat,30-04-2019,3,24177961,48.16
Gujarat,31-05-2019,3.38,23641286,47.19
Gujarat,30-06-2019,5.45,23344240,47.52
Gujarat,31-07-2019,4.81,24155108,48.75
Gujarat,31-08-2019,3.92,23735498,47.36
Gujarat,30-09-2019,6.15,22889629,46.67
Gujarat,31-10-2019,5.15,24302741,48.93
Gujarat,30-11-2019,5.86,24383939,49.37
Gujarat,31-12-2019,4.42,24050638,47.87
Haryana,31-01-2019,17.89,7695203,43.17
Haryana,28-02-2019,21.29,7579380,44.27
Haryana,31-03-2019,18.99,7112728,40.27
Haryana,30-04-2019,26.39,7120484,44.28
Haryana,31-05-2019,18.27,7942782,44.39
Haryana,30-06-2019,22.1,7590368,44.41
Haryana,31-07-2019,19.53,7232533,40.88
Haryana,31-08-2019,28.68,7081312,45.06
Haryana,30-09-2019,20.19,7815959,44.35
Haryana,31-10-2019,23.04,7620290,44.75
Haryana,30-11-2019,20.36,7280003,41.23
Haryana,31-12-2019,27.56,7152316,44.43
Himachal Pradesh,31-01-2019,13.89,2298753,45.03
Himachal Pradesh,28-02-2019,13.82,2226496,43.51
Himachal Pradesh,31-03-2019,18.79,2183648,45.22
Himachal Pradesh,30-04-2019,19.64,2216624,46.31
Himachal Pradesh,31-05-2019,13.38,2291429,44.34
Himachal Pradesh,30-06-2019,12.63,2194657,42.03
Himachal Pradesh,31-07-2019,20.69,2152718,45.35
Himachal Pradesh,31-08-2019,19.24,2205562,45.55
Himachal Pradesh,30-09-2019,15.57,2287014,45.11
Himachal Pradesh,31-10-2019,16.74,2179279,43.51
Himachal Pradesh,30-11-2019,23.34,2257438,48.87
Himachal Pradesh,31-12-2019,20.16,2164186,44.91
Jammu & Kashmir,31-01-2019,17.1,3596568,42.92
Jammu & Kashmir,28-02-2019,15.23,3482740,40.56
Jammu & Kashmir,31-03-2019,15.15,3711176,43.09
Jammu & Kashmir,30-04-2019,10.62,3894195,42.84
Jammu & Kashmir,31-05-2019,16.26,3625325,42.47
Jammu & Kashmir,30-06-2019,14.74,3563557,40.92
Jammu & Kashmir,31-07-2019,16.34,3733085,43.59
Jammu & Kashmir,31-08-2019,22.45,3411463,42.88
Jammu & Kashmir,30-09-2019,19.87,3365012,40.85
Jammu & Kashmir,31-10-2019,20.73,3506707,42.94
Jammu & Kashmir,30-11-2019,14.58,3642517,41.31
Jammu & Kashmir,31-12-2019,12.48,4574768,50.52
Jharkhand,31-01-2019,9.05,9492973,40.31
Jharkhand,28-02-2019,6.88,9992862,41.36
Jharkhand,31-03-2019,13.58,9188910,40.89
Jharkhand,30-04-2019,12.23,9570966,41.84
Jharkhand,31-05-2019,9.92,9439796,40.12
Jharkhand,30-06-2019,11.69,9646693,41.74
Jharkhand,31-07-2019,11.53,9392979,40.47
Jharkhand,31-08-2019,14.26,9350763,41.48
Jharkhand,30-09-2019,10.31,10030750,42.45
Jharkhand,31-10-2019,9.92,10221435,42.97
Jharkhand,30-11-2019,10.57,9703914,41
Jharkhand,31-12-2019,16.98,9163609,41.62
Karnataka,31-01-2019,1.49,23072967,43.32
Karnataka,28-02-2019,2,22550688,42.48
Karnataka,31-03-2019,1.29,20755789,38.74
Karnataka,30-04-2019,0.53,21180297,39.15
Karnataka,31-05-2019,5.88,22549687,43.96
Karnataka,30-06-2019,5.58,21750997,42.19
Karnataka,31-07-2019,1.26,20907836,38.7
Karnataka,31-08-2019,0.74,21300805,39.14
Karnataka,30-09-2019,3.31,22397436,42.17
Karnataka,31-10-2019,5.83,21602775,41.68
Karnataka,30-11-2019,2.16,20151048,37.35
Karnataka,31-12-2019,0.88,21348507,38.98
Kerala,31-01-2019,6.62,9860216,37.89
Kerala,28-02-2019,7.41,10137150,39.25
Kerala,31-03-2019,6.41,8985355,34.39
Kerala,30-04-2019,8.79,9626201,37.77
Kerala,31-05-2019,6.39,9790265,37.39
Kerala,30-06-2019,7.95,10283997,39.91
Kerala,31-07-2019,6.18,8960603,34.08
Kerala,31-08-2019,9.13,9682099,37.99
Kerala,30-09-2019,5.43,10041141,37.82
Kerala,31-10-2019,7.41,9973336,38.33
Kerala,30-11-2019,5.81,8620674,32.54
Kerala,31-12-2019,9.19,9506092,37.18
Madhya Pradesh,31-01-2019,4.76,21924819,38.81
Madhya Pradesh,28-02-2019,6.47,22356536,40.21
Madhya Pradesh,31-03-2019,5.4,22063401,39.15
Madhya Pradesh,30-04-2019,6.47,22362845,40.05
Madhya Pradesh,31-05-2019,3.72,22042549,38.26
Madhya Pradesh,30-06-2019,4.86,22804132,39.97
Madhya Pradesh,31-07-2019,4.91,22541149,39.44
Madhya Pradesh,31-08-2019,5.5,23368979,41.06
Madhya Pradesh,30-09-2019,4.37,22882648,39.64
Madhya Pradesh,31-10-2019,3.38,23664352,40.49
Madhya Pradesh,30-11-2019,3.69,22765882,38.99
Madhya Pradesh,31-12-2019,3.9,23642051,40.49
Maharashtra,31-01-2019,5.67,44188804,47.3
Maharashtra,28-02-2019,3.73,43904146,45.96
Maharashtra,31-03-2019,3.34,44082780,45.87
Maharashtra,30-04-2019,4.09,41839940,43.79
Maharashtra,31-05-2019,4.69,40859439,42.95
Maharashtra,30-06-2019,5.26,40431563,42.67
Maharashtra,31-07-2019,4.78,42059400,44.08
Maharashtra,31-08-2019,5.26,43438141,45.66
Maharashtra,30-09-2019,5.55,41617740,43.8
Maharashtra,31-10-2019,5.38,41552227,43.56
Maharashtra,30-11-2019,5.34,42368067,44.31
Maharashtra,31-12-2019,4.94,42938783,44.63
Meghalaya,31-01-2019,2.65,1367106,62.45
Meghalaya,28-02-2019,6.4,1229411,58.28
Meghalaya,31-03-2019,2.01,1419680,64.13
Meghalaya,30-04-2019,2.28,1271267,57.44
Meghalaya,31-05-2019,4.09,1347989,61.91
Meghalaya,30-06-2019,5.08,1256049,58.14
Meghalaya,31-07-2019,1.72,1442525,64.34
Meghalaya,31-08-2019,1.6,1325158,58.88
Meghalaya,30-09-2019,1.19,1416046,62.51
Meghalaya,31-10-2019,4.35,1314984,59.81
Meghalaya,30-11-2019,1.8,1499134,66.26
Meghalaya,31-12-2019,2.48,1370415,60.85
Odisha,31-01-2019,4.18,13905907,41.66
Odisha,28-02-2019,6.56,13179143,40.43
Odisha,31-03-2019,2.82,14570943,42.91
Odisha,30-04-2019,6.38,13406282,40.92
Odisha,31-05-2019,3.95,13675335,40.61
Odisha,30-06-2019,4.35,13321447,39.66
Odisha,31-07-2019,3.05,14552118,42.68
Odisha,31-08-2019,3.65,14184642,41.79
Odisha,30-09-2019,4.22,13716469,40.58
Odisha,31-10-2019,4.32,14078381,41.63
Odisha,30-11-2019,4.29,14787087,43.64
Odisha,31-12-2019,4.44,13714119,40.47
Puducherry,31-01-2019,1.67,467102,39.79
Puducherry,28-02-2019,0.87,504674,42.55
Puducherry,31-03-2019,0.31,400011,33.45
Puducherry,30-04-2019,0.37,504548,42.12
Puducherry,31-05-2019,0.78,456379,38.16
Puducherry,30-06-2019,0,488896,40.46
Puducherry,31-07-2019,0,420344,34.7
Puducherry,31-08-2019,7.47,496812,44.21
Puducherry,30-09-2019,0.76,462290,38.26
Puducherry,31-10-2019,1.17,492832,40.86
Puducherry,30-11-2019,0.91,417790,34.46
Puducherry,31-12-2019,4.05,493943,41.97
Punjab,31-01-2019,10.47,9604005,44.15
Punjab,28-02-2019,12.39,9205076,43.18
Punjab,31-03-2019,9.8,9731044,44.25
Punjab,30-04-2019,7.51,9641918,42.69
Punjab,31-05-2019,10.73,9378466,42.94
Punjab,30-06-2019,12.55,9333034,43.55
Punjab,31-07-2019,10.36,9900571,44.99
Punjab,31-08-2019,8.68,9683288,43.12
Punjab,30-09-2019,11.29,9481369,43.39
Punjab,31-10-2019,12.97,9092358,42.33
Punjab,30-11-2019,8.29,9997265,44.1
Punjab,31-12-2019,8.36,9739995,42.92
Rajasthan,31-01-2019,7.67,19802750,38.53
Rajasthan,28-02-2019,10.58,20445986,40.99
Rajasthan,31-03-2019,9.71,19964844,39.54
Rajasthan,30-04-2019,12.58,20053759,40.93
Rajasthan,31-05-2019,6.63,20334436,38.77
Rajasthan,30-06-2019,13.88,19851738,40.94
Rajasthan,31-07-2019,10.23,20232340,39.94
Rajasthan,31-08-2019,13.08,20247209,41.18
Rajasthan,30-09-2019,7.52,20467523,39.03
Rajasthan,31-10-2019,14.24,20562884,42.19
Rajasthan,30-11-2019,11.49,20585267,40.83
Rajasthan,31-12-2019,15.01,20594797,42.44
Sikkim,31-01-2019,13.24,274484,57.97
Sikkim,28-02-2019,8.3,227220,45.28
Sikkim,31-03-2019,6.8,265777,51.97
Sikkim,30-04-2019,4.79,219201,41.85
Sikkim,31-05-2019,13.31,271818,56.83
Sikkim,30-06-2019,8.99,229429,45.56
Sikkim,31-07-2019,6.81,265454,51.34
Sikkim,31-08-2019,2.06,218190,40.04
Sikkim,30-09-2019,6.41,280086,53.64
Sikkim,31-10-2019,7.1,234662,45.14
Sikkim,30-11-2019,9.71,270177,53.33
Sikkim,31-12-2019,3.34,249682,45.9
Tamil Nadu,31-01-2019,2.25,27520190,44.08
Tamil Nadu,28-02-2019,1.91,27638278,44.05
Tamil Nadu,31-03-2019,1.72,28235810,44.84
Tamil Nadu,30-04-2019,1.23,27490694,43.38
Tamil Nadu,31-05-2019,0.94,27642770,43.42
Tamil Nadu,30-06-2019,1.19,28694054,45.12
Tamil Nadu,31-07-2019,4.83,28510351,46.47
Tamil Nadu,31-08-2019,5.8,28397017,46.69
Tamil Nadu,30-09-2019,1.8,26967205,42.46
Tamil Nadu,31-10-2019,1.31,27819597,43.52
Tamil Nadu,30-11-2019,2.54,27953384,44.21
Tamil Nadu,31-12-2019,5.7,27617321,45.07
Telangana,31-01-2019,2.61,16647293,55.6
Telangana,28-02-2019,2.38,15556530,51.74
Telangana,31-03-2019,2.48,16619084,55.23
Telangana,30-04-2019,2.66,15128939,50.28
Telangana,31-05-2019,1.99,16614003,54.73
Telangana,30-06-2019,4.41,16412169,55.34
Telangana,31-07-2019,2.86,16971193,56.2
Telangana,31-08-2019,2.37,16288655,53.56
Telangana,30-09-2019,4.82,17084091,57.52
Telangana,31-10-2019,7.11,16693687,57.48
Telangana,30-11-2019,6.07,16603948,56.44
Telangana,31-12-2019,2.3,16385834,53.44
Tripura,31-01-2019,32.63,1434823,67.72
Tripura,28-02-2019,26.16,1544426,66.4
Tripura,31-03-2019,22.98,1449641,59.64
Tripura,30-04-2019,25.43,1435520,60.89
Tripura,31-05-2019,30.94,1442676,65.95
Tripura,30-06-2019,26.36,1515751,64.87
Tripura,31-07-2019,23.44,1463180,60.12
Tripura,31-08-2019,27.86,1344478,58.52
Tripura,30-09-2019,31.23,1452452,66.2
Tripura,31-10-2019,27.31,1528572,65.79
Tripura,30-11-2019,25.8,1512333,63.65
Tripura,31-12-2019,28.59,1446305,63.14
Uttar Pradesh,31-01-2019,9.59,56136714,39.29
Uttar Pradesh,28-02-2019,9.52,55641146,38.83
Uttar Pradesh,31-03-2019,8.87,57027803,39.43
Uttar Pradesh,30-04-2019,11.06,57829154,40.88
Uttar Pradesh,31-05-2019,11.28,56679062,40.07
Uttar Pradesh,30-06-2019,11.25,55900999,39.42
Uttar Pradesh,31-07-2019,9.84,56559433,39.18
Uttar Pradesh,31-08-2019,12.27,56878991,40.4
Uttar Pradesh,30-09-2019,8.11,57838879,39.14
Uttar Pradesh,31-10-2019,10.22,56771594,39.23
Uttar Pradesh,30-11-2019,8.05,57390420,38.64
Uttar Pradesh,31-12-2019,9.39,58497260,39.87
Uttarakhand,31-01-2019,3.53,2879018,35.21
Uttarakhand,28-02-2019,5.12,2852743,35.4
Uttarakhand,31-03-2019,5,2852673,35.28
Uttarakhand,30-04-2019,6.36,2732098,34.2
Uttarakhand,31-05-2019,3.58,2784842,33.78
Uttarakhand,30-06-2019,4.66,2928442,35.86
Uttarakhand,31-07-2019,6.1,2860425,35.48
Uttarakhand,31-08-2019,6.52,2735347,34.01
Uttarakhand,30-09-2019,5.07,2868994,35.05
Uttarakhand,31-10-2019,4.8,2952837,35.89
Uttarakhand,30-11-2019,5.8,2912016,35.7
Uttarakhand,31-12-2019,5.41,2792345,34.01
West Bengal,31-01-2019,6.95,34442774,46.58
West Bengal,28-02-2019,6.45,35325211,47.43
West Bengal,31-03-2019,6.1,35655928,47.61
West Bengal,30-04-2019,6.55,35642390,47.73
West Bengal,31-05-2019,6.43,34759070,46.4
West Bengal,30-06-2019,6.31,36154978,48.11
West Bengal,31-07-2019,6.32,35637632,47.34
West Bengal,31-08-2019,6.12,36381326,48.13
West Bengal,30-09-2019,6.41,35681623,47.26
West Bengal,31-10-2019,7.1,34916695,46.5
West Bengal,30-11-2019,6.06,36398814,47.85
West Bengal,31-12-2019,6.25,36241930,47.65
Andhra Pradesh,31-01-2020,5.48,16635535,41.02
Andhra Pradesh,29-02-2020,5.83,16545652,40.9
Andhra Pradesh,31-03-2020,5.79,15881197,39.18
Andhra Pradesh,30-04-2020,20.51,11336911,33.1
Andhra Pradesh,31-05-2020,17.43,12988845,36.46
Andhra Pradesh,30-06-2020,3.31,19805400,47.41
Andhra Pradesh,31-07-2020,8.34,15431615,38.91
Andhra Pradesh,31-08-2020,6.96,15251776,37.83
Andhra Pradesh,30-09-2020,6.4,15220312,37.47
Andhra Pradesh,31-10-2020,6.64,15140379,37.32
Andhra Pradesh,30-11-2020,6.02,15478231,37.84
Andhra Pradesh,31-12-2020,6.71,15854431,39
Assam,31-01-2020,4.66,13051904,52.98
Assam,29-02-2020,4.41,10088268,40.77
Assam,31-03-2020,4.77,11542888,46.73
Assam,30-04-2020,11.06,6830817,29.55
Assam,31-05-2020,9.55,11367897,48.26
Assam,30-06-2020,0.6,9095944,35.07
Assam,31-07-2020,3.77,10286757,40.88
Assam,31-08-2020,5.53,9781310,39.52
Assam,30-09-2020,1.19,14107641,54.38
Assam,31-10-2020,3.02,11949329,46.84
Assam,30-11-2020,3.98,10901371,43.07
Assam,31-12-2020,7.64,10482404,42.97
Bihar,31-01-2020,10.61,26397671,37.72
Bihar,29-02-2020,10.29,26281655,37.35
Bihar,31-03-2020,15.43,25717519,38.69
Bihar,30-04-2020,46.64,16046236,38.17
Bihar,31-05-2020,45.96,16280203,38.16
Bihar,30-06-2020,17.82,23963933,36.86
Bihar,31-07-2020,12.79,24989370,36.14
Bihar,31-08-2020,13.44,23795534,34.59
Bihar,30-09-2020,11.91,26902907,38.35
Bihar,31-10-2020,9.82,25693252,35.7
Bihar,30-11-2020,9.98,26021204,36.14
Bihar,31-12-2020,12.65,24393328,34.84
Chhattisgarh,31-01-2020,9.65,8552172,43.08
Chhattisgarh,29-02-2020,8.38,9195114,45.58
Chhattisgarh,31-03-2020,7.54,9302317,45.59
Chhattisgarh,30-04-2020,3.41,7600448,35.58
Chhattisgarh,31-05-2020,10.5,6991217,35.23
Chhattisgarh,30-06-2020,14.23,7332807,38.48
Chhattisgarh,31-07-2020,10.27,8620294,43.14
Chhattisgarh,31-08-2020,5.63,9050422,42.97
Chhattisgarh,30-09-2020,1.99,9158315,41.77
Chhattisgarh,31-10-2020,6.66,8589223,41.05
Chhattisgarh,30-11-2020,3.38,8705350,40.1
Chhattisgarh,31-12-2020,7.2,8391157,40.15
Delhi,31-01-2020,22.23,5805284,47.79
Delhi,29-02-2020,14.84,5856307,43.92
Delhi,31-03-2020,17.04,5553805,42.65
Delhi,30-04-2020,16.68,3119274,23.8
Delhi,31-05-2020,42.27,2632404,28.91
Delhi,30-06-2020,18.19,4418914,34.17
Delhi,31-07-2020,20.3,4291053,33.97
Delhi,31-08-2020,13.79,4850107,35.41
Delhi,30-09-2020,12.53,4958373,35.59
Delhi,31-10-2020,6.27,4842698,32.36
Delhi,30-11-2020,6.57,5058039,33.83
Delhi,31-12-2020,7.56,5341068,36.01
Goa,31-01-2020,8.89,416750,35.73
Goa,29-02-2020,2.81,478068,38.38
Goa,31-03-2020,5.25,411761,33.88
Goa,30-04-2020,13.31,500614,44.97
Goa,31-05-2020,21.25,378244,37.36
Goa,30-06-2020,9.96,489111,42.21
Goa,31-07-2020,17.07,458876,42.94
Goa,31-08-2020,16.21,473016,43.76
Goa,30-09-2020,15.38,425004,38.89
Goa,31-10-2020,10.95,388583,33.75
Goa,30-11-2020,15.88,376472,34.58
Goa,31-12-2020,13.2,439150,39.05
Gujarat,31-01-2020,5.54,24126346,48.49
Gujarat,29-02-2020,6.38,24757795,50.11
Gujarat,31-03-2020,6.66,23566641,47.75
Gujarat,30-04-2020,18.71,15288878,35.5
Gujarat,31-05-2020,12.11,17836936,38.23
Gujarat,30-06-2020,3.2,23657055,45.96
Gujarat,31-07-2020,1.84,24276120,46.41
Gujarat,31-08-2020,1.87,22817232,43.55
Gujarat,30-09-2020,3.41,24978668,48.34
Gujarat,31-10-2020,4.03,25970259,50.49
Gujarat,30-11-2020,3.86,24161076,46.79
Gujarat,31-12-2020,3.05,21483898,41.18
Haryana,31-01-2020,20.34,7693231,43.36
Haryana,29-02-2020,25.77,7322942,44.21
Haryana,31-03-2020,25.05,6641555,39.63
Haryana,30-04-2020,43.22,5647630,44.38
Haryana,31-05-2020,29.02,6437868,40.39
Haryana,30-06-2020,26.7,6951934,42.14
Haryana,31-07-2020,24.18,6800652,39.77
Haryana,31-08-2020,33.5,7113788,47.32
Haryana,30-09-2020,19.33,7190435,39.35
Haryana,31-10-2020,27.32,6686733,40.53
Haryana,30-11-2020,25.61,7054038,41.68
Haryana,31-12-2020,32.49,6723049,43.69
Himachal Pradesh,31-01-2020,16.83,2287632,45.5
Himachal Pradesh,29-02-2020,16.84,2180268,43.3
Himachal Pradesh,31-03-2020,18.76,2021858,41.04
Himachal Pradesh,30-04-2020,2.2,1131128,19.04
Himachal Pradesh,31-05-2020,26.95,1897639,42.7
Himachal Pradesh,30-06-2020,13.47,2199683,41.72
Himachal Pradesh,31-07-2020,24.31,2229456,48.25
Himachal Pradesh,31-08-2020,15.79,2029740,39.42
Himachal Pradesh,30-09-2020,11.41,2240699,41.3
Himachal Pradesh,31-10-2020,13.46,2123965,40.01
Himachal Pradesh,30-11-2020,15.86,1968783,38.08
Himachal Pradesh,31-12-2020,7.86,2174653,38.35
Jammu & Kashmir,31-01-2020,21.08,3453025,42.2
Jammu & Kashmir,29-02-2020,20.78,3223513,39.17
Jammu & Kashmir,31-03-2020,15.5,3359107,38.18
Jammu & Kashmir,31-05-2020,18.74,3246493,38.21
Jammu & Kashmir,30-06-2020,17.92,3202336,37.24
Jammu & Kashmir,31-07-2020,10.88,3558889,38.03
Jammu & Kashmir,31-08-2020,11.09,3429950,36.66
Jammu & Kashmir,30-09-2020,16.17,3210281,36.31
Jammu & Kashmir,31-10-2020,16.14,3106691,35.05
Jammu & Kashmir,30-11-2020,8.55,3105513,32.07
Jammu & Kashmir,31-12-2020,16.61,3333288,37.67
Jharkhand,31-01-2020,10.61,10198029,42.92
Jharkhand,29-02-2020,11.85,10425425,44.4
Jharkhand,31-03-2020,8.23,9638115,39.34
Jharkhand,30-04-2020,47.09,5335262,37.69
Jharkhand,31-05-2020,59.23,4145385,37.92
Jharkhand,30-06-2020,20.95,8622722,40.59
Jharkhand,31-07-2020,7.63,9521900,38.27
Jharkhand,31-08-2020,9.76,9331640,38.31
Jharkhand,30-09-2020,9.28,9980378,40.67
Jharkhand,31-10-2020,11.8,10302276,43.08
Jharkhand,30-11-2020,9.54,9574705,38.96
Jharkhand,31-12-2020,12.4,9652716,40.47
Karnataka,31-01-2020,2.86,22688028,42.18
Karnataka,29-02-2020,3.61,21677719,40.54
Karnataka,31-03-2020,3.46,22079653,41.14
Karnataka,30-04-2020,29.84,16718395,42.78
Karnataka,31-05-2020,19.97,19397853,43.43
Karnataka,30-06-2020,8.44,24215057,47.29
Karnataka,31-07-2020,4.01,22885616,42.55
Karnataka,31-08-2020,0.5,24094289,43.13
Karnataka,30-09-2020,2.4,20131894,36.67
Karnataka,31-10-2020,1.58,22349602,40.28
Karnataka,30-11-2020,1.86,21714939,39.18
Karnataka,31-12-2020,1.39,22393716,40.13
Kerala,31-01-2020,5.31,9904534,37.12
Kerala,29-02-2020,7.6,9828023,37.71
Kerala,31-03-2020,8.99,8221728,32
Kerala,30-04-2020,16.99,3933276,16.77
Kerala,31-05-2020,17.88,7921962,34.11
Kerala,30-06-2020,9.71,9228268,36.11
Kerala,31-07-2020,7.09,9504420,36.1
Kerala,31-08-2020,10.98,9031944,35.78
Kerala,30-09-2020,5.91,9240913,34.6
Kerala,31-10-2020,3.88,9152881,33.52
Kerala,30-11-2020,5.83,8472442,31.64
Kerala,31-12-2020,6.45,9556138,35.89
Madhya Pradesh,31-01-2020,4.11,23018632,39.42
Madhya Pradesh,29-02-2020,4.57,22711479,39
Madhya Pradesh,31-03-2020,2.22,22867164,38.24
Madhya Pradesh,30-04-2020,12.36,19041832,35.45
Madhya Pradesh,31-05-2020,21.98,18443927,38.48
Madhya Pradesh,30-06-2020,6.48,23054646,40.04
Madhya Pradesh,31-07-2020,5.08,23940158,40.88
Madhya Pradesh,31-08-2020,4.7,23619011,40.08
Madhya Pradesh,30-09-2020,3.93,23396559,39.3
Madhya Pradesh,31-10-2020,3.26,23109279,38.46
Madhya Pradesh,30-11-2020,4.34,24437387,41.04
Madhya Pradesh,31-12-2020,3.99,23864423,39.85
Maharashtra,31-01-2020,4.95,42596868,44.19
Maharashtra,29-02-2020,4.69,42416317,43.8
Maharashtra,31-03-2020,5.79,40196806,41.91
Maharashtra,30-04-2020,20.9,27689253,34.32
Maharashtra,31-05-2020,15.46,32116847,37.17
Maharashtra,30-06-2020,9.23,39708538,42.71
Maharashtra,31-07-2020,3.89,40998545,41.57
Maharashtra,31-08-2020,6.23,40963616,42.49
Maharashtra,30-09-2020,4.54,41970885,42.67
Maharashtra,31-10-2020,4.2,42984107,43.46
Maharashtra,30-11-2020,2.98,41835346,41.69
Maharashtra,31-12-2020,3.9,41852719,42.02
Meghalaya,31-01-2020,1.66,1491093,65.49
Meghalaya,29-02-2020,3.59,1346829,60.2
Meghalaya,31-03-2020,1.58,1482351,64.74
Meghalaya,30-04-2020,10.03,965057,45.99
Meghalaya,31-05-2020,5.92,1215064,55.24
Meghalaya,30-06-2020,1.15,1350794,58.31
Meghalaya,31-07-2020,2.1,1448106,62.96
Meghalaya,31-08-2020,3.74,1357643,59.88
Meghalaya,30-09-2020,4.29,1459726,64.6
Meghalaya,31-10-2020,4.6,1381490,61.18
Meghalaya,30-11-2020,1.12,1425271,60.75
Meghalaya,31-12-2020,6.58,1320920,59.45
Odisha,31-01-2020,1.9,13743448,39.44
Odisha,29-02-2020,3.12,14280735,41.44
Odisha,31-03-2020,13.08,12272109,39.62
Odisha,30-04-2020,23.76,6865693,25.23
Odisha,31-05-2020,11.41,11730937,37.04
Odisha,30-06-2020,3.77,12903993,37.45
Odisha,31-07-2020,1.88,13614400,38.69
Odisha,31-08-2020,1.42,14154039,39.96
Odisha,30-09-2020,2.1,13608422,38.63
Odisha,31-10-2020,2.18,14094553,39.98
Odisha,30-11-2020,1.7,14294301,40.28
Odisha,31-12-2020,0.16,14645274,40.57
Puducherry,31-01-2020,0.58,457950,37.46
Puducherry,29-02-2020,1.76,493961,40.8
Puducherry,31-03-2020,1.2,421028,34.49
Puducherry,30-04-2020,75.85,117542,39.3
Puducherry,31-05-2020,58.19,172308,33.19
Puducherry,30-06-2020,4.24,367135,30.8
Puducherry,31-07-2020,15.47,386563,36.64
Puducherry,31-08-2020,5.05,396006,33.34
Puducherry,30-09-2020,10.9,411717,36.84
Puducherry,31-10-2020,6.18,428419,36.32
Puducherry,30-11-2020,2.18,407505,33.05
Puducherry,31-12-2020,2.7,415410,33.79
Punjab,31-01-2020,11.11,9442093,42.82
Punjab,29-02-2020,10.97,9229047,41.72
Punjab,31-03-2020,10.32,9975485,44.69
Punjab,30-04-2020,2.86,7020565,28.99
Punjab,31-05-2020,28.33,6872938,38.39
Punjab,30-06-2020,16.55,8390766,40.18
Punjab,31-07-2020,9.19,9732417,42.76
Punjab,31-08-2020,10.99,9386169,41.99
Punjab,30-09-2020,9.61,8979999,39.5
Punjab,31-10-2020,9.83,8811756,38.78
Punjab,30-11-2020,7.64,9550215,40.96
Punjab,31-12-2020,4.37,9369173,38.75
Rajasthan,31-01-2020,10.97,20641716,40.51
Rajasthan,29-02-2020,15.16,20328915,41.77
Rajasthan,31-03-2020,11.9,20024680,39.54
Rajasthan,30-04-2020,17.7,15984142,33.71
Rajasthan,31-05-2020,15.74,19826602,40.74
Rajasthan,30-06-2020,14.39,20506612,41.38
Rajasthan,31-07-2020,15.81,19932393,40.8
Rajasthan,31-08-2020,17.51,20014060,41.71
Rajasthan,30-09-2020,15.35,20149594,40.83
Rajasthan,31-10-2020,24.1,19913403,44.9
Rajasthan,30-11-2020,18.52,20268396,42.47
Rajasthan,31-12-2020,28.23,19786545,46.96
Sikkim,31-03-2020,23.57,262895,60.59
Sikkim,30-04-2020,2.28,215303,38.7
Sikkim,31-05-2020,24.51,193427,44.88
Sikkim,30-06-2020,4.46,221058,40.4
Sikkim,31-07-2020,4.45,265175,48.32
Sikkim,31-08-2020,12.49,244462,48.49
Sikkim,30-09-2020,5.7,231798,42.54
Sikkim,31-10-2020,0.88,242068,42.13
Sikkim,30-11-2020,1.85,265087,46.46
Sikkim,31-12-2020,0.67,291263,50.29
Tamil Nadu,31-01-2020,1.57,26881641,41.96
Tamil Nadu,29-02-2020,2.09,27570589,43.2
Tamil Nadu,31-03-2020,6.4,26830768,43.91
Tamil Nadu,30-04-2020,49.83,9719167,29.63
Tamil Nadu,31-05-2020,33.16,11483256,26.23
Tamil Nadu,30-06-2020,12.2,19096847,33.16
Tamil Nadu,31-07-2020,6.81,24572827,40.13
Tamil Nadu,31-08-2020,2.65,27046415,42.22
Tamil Nadu,30-09-2020,5,23025845,36.77
Tamil Nadu,31-10-2020,2.16,23651626,36.62
Tamil Nadu,30-11-2020,1.15,24629525,37.68
Tamil Nadu,31-12-2020,0.53,25020860,37.98
Telangana,31-01-2020,5.49,17609295,59.25
Telangana,29-02-2020,8.29,16825970,58.24
Telangana,31-03-2020,5.77,17341613,58.31
Telangana,30-04-2020,6.25,12172230,41.06
Telangana,31-05-2020,14.7,14977774,55.43
Telangana,30-06-2020,10.55,15108910,53.22
Telangana,31-07-2020,5.36,15679417,52.1
Telangana,31-08-2020,5.79,18185429,60.59
Telangana,30-09-2020,3.27,16958984,54.93
Telangana,31-10-2020,2.93,17417825,56.11
Telangana,30-11-2020,1.56,17190976,54.51
Telangana,31-12-2020,7.05,13239092,44.37
Tripura,31-01-2020,32.67,1508130,69.69
Tripura,29-02-2020,28.4,1584686,68.74
Tripura,31-03-2020,29.95,1511217,66.89
Tripura,30-04-2020,41.23,971514,51.16
Tripura,31-05-2020,21.51,1290986,50.81
Tripura,30-06-2020,21.71,1494140,58.85
Tripura,31-07-2020,18.24,1348849,50.78
Tripura,31-08-2020,27.92,1318621,56.21
Tripura,30-09-2020,17.35,1368244,50.77
Tripura,31-10-2020,11.57,1576529,54.58
Tripura,30-11-2020,13.06,1454568,51.13
Tripura,31-12-2020,18.21,1389711,51.82
Uttar Pradesh,31-01-2020,7.58,59433759,39.63
Uttar Pradesh,29-02-2020,8.98,58060531,39.23
Uttar Pradesh,31-03-2020,10.11,56976338,38.89
Uttar Pradesh,30-04-2020,21.54,50915056,39.73
Uttar Pradesh,31-05-2020,20.41,49801902,38.22
Uttar Pradesh,30-06-2020,9.47,55380649,37.29
Uttar Pradesh,31-07-2020,5.56,56201654,36.19
Uttar Pradesh,31-08-2020,5.79,55831744,35.96
Uttar Pradesh,30-09-2020,4.18,56106836,35.45
Uttar Pradesh,31-10-2020,3.75,56539521,35.49
Uttar Pradesh,30-11-2020,5.16,56720101,36.05
Uttar Pradesh,31-12-2020,14.95,55796313,39.46
Uttarakhand,31-01-2020,5.49,2711639,32.99
Uttarakhand,29-02-2020,4.99,3020931,36.48
Uttarakhand,31-03-2020,19.85,2539302,36.27
Uttarakhand,30-04-2020,6.48,2720115,33.23
Uttarakhand,31-05-2020,8.01,2694072,33.38
Uttarakhand,30-06-2020,8.61,2656071,33.06
Uttarakhand,31-07-2020,12.38,2938552,38.07
Uttarakhand,31-08-2020,14.26,2717528,35.9
Uttarakhand,30-09-2020,22.26,2695230,39.18
Uttarakhand,31-10-2020,9.23,2739309,34.03
Uttarakhand,30-11-2020,1.47,2447664,27.95
Uttarakhand,31-12-2020,5.19,2647822,31.36
West Bengal,31-01-2020,6.94,35820789,47.35
West Bengal,29-02-2020,4.92,36964178,47.74
West Bengal,31-03-2020,6.92,35903917,47.27
West Bengal,30-04-2020,17.41,26938836,39.9
West Bengal,31-05-2020,17.41,28356675,41.92
West Bengal,30-06-2020,7.29,30726310,40.39
West Bengal,31-07-2020,6.83,35372506,46.17
West Bengal,31-08-2020,14.87,33298644,47.48
West Bengal,30-09-2020,9.31,35877583,47.93
West Bengal,31-10-2020,10.22,33856332,45.6
West Bengal,30-11-2020,11.24,33420675,45.45
West Bengal,31-12-2020,6.01,35829652,45.93
Andhra Pradesh,31-01-2021,4.48,16516412,39.62
Andhra Pradesh,28-02-2021,3.74,16736552,39.78
Andhra Pradesh,31-03-2021,5.88,15752408,38.24
Andhra Pradesh,30-04-2021,4.91,15834266,37.99
Andhra Pradesh,31-05-2021,12.83,15092065,39.44
Andhra Pradesh,30-06-2021,7.43,15559239,38.24
Andhra Pradesh,31-07-2021,8.68,15485255,38.52
Andhra Pradesh,31-08-2021,6.49,16159788,39.2
Andhra Pradesh,30-09-2021,6.07,16977784,40.94
Andhra Pradesh,31-10-2021,5.37,15875697,37.95
Andhra Pradesh,30-11-2021,6.33,15849249,38.22
Andhra Pradesh,31-12-2021,5.62,16915954,40.43
Assam,31-01-2021,1.53,13177962,50.57
Assam,28-02-2021,1.65,11283161,43.27
Assam,31-03-2021,1.06,11122329,42.31
Assam,30-04-2021,0.19,10349575,38.95
Assam,31-05-2021,0.05,15248170,57.19
Assam,30-06-2021,0.62,10234141,38.53
Assam,31-07-2021,1.9,11247012,42.81
Assam,31-08-2021,6.65,10228186,40.83
Assam,30-09-2021,3.51,16133085,62.18
Assam,31-10-2021,3.7,11196548,43.15
Assam,30-11-2021,4.12,10476421,40.47
Assam,31-12-2021,5.82,11737225,46.07
Bihar,31-01-2021,10.5,28016910,38.97
Bihar,28-02-2021,11.47,25685968,36.05
Bihar,31-03-2021,14.6,25734604,37.36
Bihar,30-04-2021,11.54,24727431,34.58
Bihar,31-05-2021,13.83,27342817,39.17
Bihar,30-06-2021,10.5,25380747,34.94
Bihar,31-07-2021,13.02,25373093,35.86
Bihar,31-08-2021,13.61,23991739,34.06
Bihar,30-09-2021,9.97,26732995,36.34
Bihar,31-10-2021,13.88,24875414,35.28
Bihar,30-11-2021,14.8,24569436,35.14
Bihar,31-12-2021,15.98,23821810,34.48
Chhattisgarh,31-01-2021,6.38,8828785,41.78
Chhattisgarh,28-02-2021,5.99,8882237,41.77
Chhattisgarh,31-03-2021,2.69,8580167,38.89
Chhattisgarh,30-04-2021,3.04,9463460,42.96
Chhattisgarh,31-05-2021,8.03,9313760,44.47
Chhattisgarh,30-06-2021,2.57,9485491,42.66
Chhattisgarh,31-07-2021,3.25,8798367,39.76
Chhattisgarh,31-08-2021,3.78,8832789,40.04
Chhattisgarh,30-09-2021,4.44,8730656,39.76
Chhattisgarh,31-10-2021,3.05,9273796,41.54
Chhattisgarh,30-11-2021,1.78,9674618,42.68
Chhattisgarh,31-12-2021,2.15,9178194,40.55
Delhi,31-01-2021,12.51,5157974,36.65
Delhi,28-02-2021,7.99,5176344,34.9
Delhi,31-03-2021,9.41,5123006,35
Delhi,30-04-2021,27.32,4160172,35.33
Delhi,31-05-2021,45.56,2879334,32.56
Delhi,30-06-2021,8.8,5089957,34.28
Delhi,31-07-2021,10.7,5013429,34.4
Delhi,31-08-2021,11.57,5058858,34.97
Delhi,30-09-2021,16.81,5232193,38.35
Delhi,31-10-2021,10.97,5389286,36.82
Delhi,30-11-2021,9.3,4983968,33.34
Delhi,31-12-2021,9.84,5180463,34.77
Goa,31-01-2021,16.01,424096,38.93
Goa,28-02-2021,20.58,438421,42.51
Goa,31-03-2021,22.08,393170,38.81
Goa,30-04-2021,25.73,366499,37.92
Goa,31-05-2021,20.49,450287,43.47
Goa,30-06-2021,17.89,405565,37.87
Goa,31-07-2021,21.71,398314,38.96
Goa,31-08-2021,12.61,459677,40.24
Goa,30-09-2021,7.44,413634,34.15
Goa,31-10-2021,12.03,420856,36.51
Goa,30-11-2021,12.65,413392,36.08
Goa,31-12-2021,11.99,392368,33.95
Gujarat,31-01-2021,3.19,24009720,46
Gujarat,28-02-2021,3.17,24070070,46.02
Gujarat,31-03-2021,2.16,24357415,46
Gujarat,30-04-2021,1.77,24320086,45.66
Gujarat,31-05-2021,2.34,24179141,45.57
Gujarat,30-06-2021,1.79,24842134,46.46
Gujarat,31-07-2021,1.82,25227354,47.1
Gujarat,31-08-2021,1.61,23838107,44.33
Gujarat,30-09-2021,1.29,25252205,46.71
Gujarat,31-10-2021,2.39,25890884,48.34
Gujarat,30-11-2021,1.45,25500373,47.06
Gujarat,31-12-2021,1.63,24770121,45.71
Haryana,31-01-2021,17.65,7510342,39.92
Haryana,28-02-2021,26.31,6808544,40.36
Haryana,31-03-2021,27.58,7255469,43.67
Haryana,30-04-2021,35.13,6860556,46
Haryana,31-05-2021,28.73,6425654,39.13
Haryana,30-06-2021,27.84,6772377,40.65
Haryana,31-07-2021,28.08,6997825,42.05
Haryana,31-08-2021,35.7,6933829,46.51
Haryana,30-09-2021,21.13,7360554,40.16
Haryana,31-10-2021,30.69,6828800,42.31
Haryana,30-11-2021,29.2,7024063,42.51
Haryana,31-12-2021,34.07,7149677,46.37
Himachal Pradesh,31-01-2021,11.55,2248174,41.23
Himachal Pradesh,28-02-2021,15.57,2075852,39.83
Himachal Pradesh,31-03-2021,14.24,1927818,36.35
Himachal Pradesh,30-04-2021,11.06,2000101,36.31
Himachal Pradesh,31-05-2021,7.72,2226706,38.89
Himachal Pradesh,30-06-2021,16.89,1952465,37.8
Himachal Pradesh,31-07-2021,14.98,2025194,38.27
Himachal Pradesh,31-08-2021,3.74,2095797,34.92
Himachal Pradesh,30-09-2021,8.68,1939804,34.01
Himachal Pradesh,31-10-2021,14.05,1907142,35.47
Himachal Pradesh,30-11-2021,13.78,1881626,34.83
Himachal Pradesh,31-12-2021,9.37,1957488,34.42
Jammu & Kashmir,31-01-2021,21.9,3308895,39.83
Jammu & Kashmir,28-02-2021,14.21,3075564,33.64
Jammu & Kashmir,31-03-2021,9.53,2994081,30.99
Jammu & Kashmir,30-04-2021,11.45,3578310,37.76
Jammu & Kashmir,31-05-2021,11.92,3494510,36.99
Jammu & Kashmir,30-06-2021,10.57,3273797,34.06
Jammu & Kashmir,31-07-2021,15.4,3383418,37.13
Jammu & Kashmir,31-08-2021,13.57,3518412,37.72
Jammu & Kashmir,30-09-2021,21.45,3335458,39.25
Jammu & Kashmir,31-10-2021,22.2,3185277,37.77
Jammu & Kashmir,30-11-2021,21.17,3480110,40.64
Jammu & Kashmir,31-12-2021,15.03,3759129,40.64
Jharkhand,31-01-2021,11.31,10005873,41.34
Jharkhand,28-02-2021,12.17,10198512,42.46
Jharkhand,31-03-2021,12.75,9655793,40.38
Jharkhand,30-04-2021,16.48,9559528,41.67
Jharkhand,31-05-2021,15.96,9288715,40.15
Jharkhand,30-06-2021,12.74,10751681,44.67
Jharkhand,31-07-2021,9.4,10261921,40.97
Jharkhand,31-08-2021,15.96,9916315,42.58
Jharkhand,30-09-2021,13.1,9911480,41.07
Jharkhand,31-10-2021,18.1,9915511,43.5
Jharkhand,30-11-2021,11.17,10028822,40.47
Jharkhand,31-12-2021,17.3,9843649,42.58
Karnataka,31-01-2021,3.28,21869339,39.87
Karnataka,28-02-2021,2.5,22537746,40.69
Karnataka,31-03-2021,1.16,21854018,38.84
Karnataka,30-04-2021,2.03,23110478,41.36
Karnataka,31-05-2021,5.27,23612747,43.61
Karnataka,30-06-2021,5.55,22953054,42.43
Karnataka,31-07-2021,2.05,22332124,39.73
Karnataka,31-08-2021,1.49,22829342,40.3
Karnataka,30-09-2021,3.12,22163002,39.71
Karnataka,31-10-2021,1.51,24643524,43.34
Karnataka,30-11-2021,2.77,20836015,37.05
Karnataka,31-12-2021,1.44,22266608,38.98
Kerala,31-01-2021,5.46,9264917,34.39
Kerala,28-02-2021,4.3,9336761,34.21
Kerala,31-03-2021,5.9,8804500,32.78
Kerala,30-04-2021,7.52,9603392,36.35
Kerala,31-05-2021,23.52,7458637,34.1
Kerala,30-06-2021,15.77,7752486,32.16
Kerala,31-07-2021,7.52,8439403,31.85
Kerala,31-08-2021,7.81,9544849,36.11
Kerala,30-09-2021,8.95,8971738,34.33
Kerala,31-10-2021,5.39,9625925,35.42
Kerala,30-11-2021,7.09,8885861,33.26
Kerala,31-12-2021,6.69,9872876,36.76
Madhya Pradesh,31-01-2021,6.15,23183713,39.51
Madhya Pradesh,28-02-2021,2.02,22589307,36.8
Madhya Pradesh,31-03-2021,1.5,24004347,38.82
Madhya Pradesh,30-04-2021,1.35,22705824,36.58
Madhya Pradesh,31-05-2021,5.16,21795692,36.44
Madhya Pradesh,30-06-2021,2.34,22680487,36.75
Madhya Pradesh,31-07-2021,2.3,24438028,39.49
Madhya Pradesh,31-08-2021,3.49,23825304,38.89
Madhya Pradesh,30-09-2021,3.09,23749761,38.53
Madhya Pradesh,31-10-2021,1.82,23093728,36.89
Madhya Pradesh,30-11-2021,1.56,24396190,38.79
Madhya Pradesh,31-12-2021,3.37,24112509,38.97
Maharashtra,31-01-2021,3.79,42638718,42.68
Maharashtra,28-02-2021,3.75,43096660,43.04
Maharashtra,31-03-2021,3.55,44407556,44.16
Maharashtra,30-04-2021,5.47,40125662,40.64
Maharashtra,31-05-2021,5.75,40887966,41.45
Maharashtra,30-06-2021,4.29,42688095,42.53
Maharashtra,31-07-2021,4.28,44095200,43.84
Maharashtra,31-08-2021,4.36,44637546,44.32
Maharashtra,30-09-2021,4.53,44651998,44.33
Maharashtra,31-10-2021,4.33,43813077,43.32
Maharashtra,30-11-2021,4.69,46831192,46.39
Maharashtra,31-12-2021,3.77,47665595,46.67
Meghalaya,31-01-2021,3.28,1412004,61.23
Meghalaya,28-02-2021,3.83,1326534,57.72
Meghalaya,31-03-2021,1.31,1516752,64.15
Meghalaya,30-04-2021,1.44,1385061,58.52
Meghalaya,31-05-2021,6.49,1293466,57.46
Meghalaya,30-06-2021,2.84,1472538,62.8
Meghalaya,31-07-2021,0.39,1598729,66.34
Meghalaya,31-08-2021,0.58,1444334,59.9
Meghalaya,30-09-2021,2.06,1497799,62.9
Meghalaya,31-10-2021,1.82,1326274,55.42
Meghalaya,30-11-2021,0.73,1486378,61.29
Meghalaya,31-12-2021,3.04,1363563,57.41
Odisha,31-01-2021,2.97,13790183,39.24
Odisha,28-02-2021,2.46,14077007,39.79
Odisha,31-03-2021,1.56,14055367,39.29
Odisha,30-04-2021,1.88,14869145,41.64
Odisha,31-05-2021,7.02,12976729,38.29
Odisha,30-06-2021,3.65,13467650,38.28
Odisha,31-07-2021,1.08,14895116,41.17
Odisha,31-08-2021,2.17,14349717,40.04
Odisha,30-09-2021,2.82,13686328,38.38
Odisha,31-10-2021,1.05,14303074,39.33
Odisha,30-11-2021,0.59,15384070,42.04
Odisha,31-12-2021,1.58,14802549,40.79
Puducherry,31-01-2021,7.56,420079,35.87
Puducherry,28-02-2021,5.76,420318,35.13
Puducherry,31-03-2021,1.44,418321,33.34
Puducherry,30-04-2021,2.72,424356,34.19
Puducherry,31-05-2021,23.97,348683,35.85
Puducherry,30-06-2021,47.12,222864,32.86
Puducherry,31-07-2021,9.58,408760,35.16
Puducherry,31-08-2021,8.57,462760,39.27
Puducherry,30-09-2021,11.17,416187,36.26
Puducherry,31-10-2021,6.02,425097,34.92
Puducherry,30-11-2021,6.29,429628,35.3
Puducherry,31-12-2021,6.22,464517,38.05
Punjab,31-01-2021,8.09,9097268,39.07
Punjab,28-02-2021,7.21,9037550,38.39
Punjab,31-03-2021,7.35,9590215,40.73
Punjab,30-04-2021,5.33,9367881,38.87
Punjab,31-05-2021,8.84,8900420,38.28
Punjab,30-06-2021,8.27,9008366,38.44
Punjab,31-07-2021,6.93,9706975,40.75
Punjab,31-08-2021,6.05,9462403,39.28
Punjab,30-09-2021,9.28,8935927,38.35
Punjab,31-10-2021,11.41,8722548,38.27
Punjab,30-11-2021,6.7,9835327,40.9
Punjab,31-12-2021,6.78,9577559,39.8
Rajasthan,31-01-2021,17.69,21125626,43.62
Rajasthan,28-02-2021,25.63,20096427,45.83
Rajasthan,31-03-2021,19.74,20392741,42.99
Rajasthan,30-04-2021,28.04,19857143,46.58
Rajasthan,31-05-2021,27.64,18671874,43.45
Rajasthan,30-06-2021,26.27,20321049,46.31
Rajasthan,31-07-2021,21.06,20661802,43.88
Rajasthan,31-08-2021,26.69,20521536,46.81
Rajasthan,30-09-2021,17.87,21092269,42.85
Rajasthan,31-10-2021,29.52,20463351,48.32
Rajasthan,30-11-2021,20.23,20322679,42.31
Rajasthan,31-12-2021,27.12,20152764,45.81
Sikkim,31-01-2021,0,271163,46.35
Sikkim,28-02-2021,4.29,269144,47.94
Sikkim,31-03-2021,1.74,268111,46.37
Sikkim,30-04-2021,1.8,260191,44.89
Sikkim,31-05-2021,4.19,271870,47.92
Sikkim,30-06-2021,0,264393,44.51
Sikkim,31-07-2021,0,291920,48.99
Sikkim,31-08-2021,0,275861,46.14
Sikkim,31-10-2021,9.98,253543,46.81
Tamil Nadu,31-01-2021,3.99,22930424,36
Tamil Nadu,28-02-2021,4.79,23539357,37.22
Tamil Nadu,31-03-2021,3.02,24688097,38.26
Tamil Nadu,30-04-2021,2.34,24591402,37.78
Tamil Nadu,31-05-2021,27.97,14183803,29.5
Tamil Nadu,30-06-2021,8.3,19876121,32.42
Tamil Nadu,31-07-2021,4.78,24651814,38.66
Tamil Nadu,31-08-2021,6.27,23991586,38.16
Tamil Nadu,30-09-2021,7,22076645,35.34
Tamil Nadu,31-10-2021,4.89,22604681,35.32
Tamil Nadu,30-11-2021,5.13,24405134,38.17
Tamil Nadu,31-12-2021,6.91,23072393,36.72
Telangana,31-01-2021,4.26,16304175,52.95
Telangana,28-02-2021,5.58,16040348,52.73
Telangana,31-03-2021,3.67,16373619,52.65
Telangana,30-04-2021,5.05,14105009,45.94
Telangana,31-05-2021,7.2,16891260,56.18
Telangana,30-06-2021,4.78,15077504,48.78
Telangana,31-07-2021,4.01,16094158,51.55
Telangana,31-08-2021,4.66,16234011,52.25
Telangana,30-09-2021,3.63,16852051,53.56
Telangana,31-10-2021,4.13,16904140,53.9
Telangana,30-11-2021,4.14,16193012,51.54
Telangana,31-12-2021,2.16,17128340,53.32
Tripura,31-01-2021,18.15,1395070,51.89
Tripura,28-02-2021,11.05,1629794,55.69
Tripura,31-03-2021,13.94,1493608,52.65
Tripura,30-04-2021,17.28,1436936,52.61
Tripura,31-05-2021,19.93,1350783,50.99
Tripura,30-06-2021,9.62,1651388,55.13
Tripura,31-07-2021,13.34,1577784,54.83
Tripura,31-08-2021,15.6,1497924,53.35
Tripura,30-09-2021,15.28,1435595,50.85
Tripura,31-10-2021,9.95,1682211,55.95
Tripura,30-11-2021,13.41,1549956,53.52
Tripura,31-12-2021,14.73,1516375,53.07
Uttar Pradesh,31-01-2021,4.89,55124290,34.78
Uttar Pradesh,28-02-2021,4.1,56568780,35.33
Uttar Pradesh,31-03-2021,4.14,55834036,34.8
Uttar Pradesh,30-04-2021,6.3,56962368,36.25
Uttar Pradesh,31-05-2021,6.89,55829255,35.67
Uttar Pradesh,30-06-2021,4.32,55933912,34.7
Uttar Pradesh,31-07-2021,4.95,55247629,34.43
Uttar Pradesh,31-08-2021,6.98,56472386,35.88
Uttar Pradesh,30-09-2021,4.98,55224547,34.27
Uttar Pradesh,31-10-2021,4.22,55516008,34.1
Uttar Pradesh,30-11-2021,4.83,56435220,34.81
Uttar Pradesh,31-12-2021,4.86,57314791,35.29
Uttarakhand,31-01-2021,4.45,2531098,29.68
Uttarakhand,28-02-2021,4.69,2775542,32.56
Uttarakhand,31-03-2021,3.26,2511431,28.96
Uttarakhand,30-04-2021,5.96,2852350,33.77
Uttarakhand,31-05-2021,5.49,2447140,28.76
Uttarakhand,30-06-2021,4.81,2822878,32.87
Uttarakhand,31-07-2021,3.17,2531701,28.92
Uttarakhand,31-08-2021,6.22,2774922,32.65
Uttarakhand,30-09-2021,4.14,2524240,29
Uttarakhand,31-10-2021,3.34,2872131,32.65
Uttarakhand,30-11-2021,3.12,2605053,29.48
Uttarakhand,31-12-2021,5.01,2780810,32.03
West Bengal,31-01-2021,5.25,36563881,46.4
West Bengal,28-02-2021,6.22,37127736,47.52
West Bengal,31-03-2021,7.51,35827410,46.41
West Bengal,30-04-2021,7.63,34849346,45.11
West Bengal,31-05-2021,19.34,28897052,42.75
West Bengal,30-06-2021,22.14,30440202,46.57
West Bengal,31-07-2021,7.37,35267884,45.26
West Bengal,31-08-2021,7.41,35376844,45.34
West Bengal,30-09-2021,6.8,36442890,46.31
West Bengal,31-10-2021,5.6,36583286,45.81
West Bengal,30-11-2021,6.68,35748702,45.2
West Bengal,31-12-2021,7.33,35652535,45.31
